REF_AREA,Reference area,ACTIVITY,Economic activity,TIME_PERIOD,OBS_VALUE
USA,United States,C10T12,Manufacture of food products; beverages and tobacco products,2021,19376.642
USA,United States,C10T12,Manufacture of food products; beverages and tobacco products,2020,17461.614
USA,United States,C10T12,Manufacture of food products; beverages and tobacco products,2019,18187.151
USA,United States,C10T12,Manufacture of food products; beverages and tobacco products,2018,17762.712
USA,United States,C10T12,Manufacture of food products; beverages and tobacco products,2017,16960.034
USA,United States,C10T12,Manufacture of food products; beverages and tobacco products,2016,16615.17
USA,United States,C10T12,Manufacture of food products; beverages and tobacco products,2015,18181.376
USA,United States,C10T12,Manufacture of food products; beverages and tobacco products,2014,17809.128
USA,United States,C10T12,Manufacture of food products; beverages and tobacco products,2013,17285.986
USA,United States,C10T12,Manufacture of food products; beverages and tobacco products,2012,16038.763
USA,United States,C10T12,Manufacture of food products; beverages and tobacco products,2011,14618.783
USA,United States,C10T12,Manufacture of food products; beverages and tobacco products,2010,14473.777
USA,United States,C10T12,Manufacture of food products; beverages and tobacco products,2009,14083.978
USA,United States,C10T12,Manufacture of food products; beverages and tobacco products,2008,13538.32
USA,United States,C10T12,Manufacture of food products; beverages and tobacco products,2007,11647.885
USA,United States,C10T12,Manufacture of food products; beverages and tobacco products,2006,10611.165
USA,United States,C10T12,Manufacture of food products; beverages and tobacco products,2005,8830.792
USA,United States,C10T12,Manufacture of food products; beverages and tobacco products,2004,8622.845
USA,United States,C10T12,Manufacture of food products; beverages and tobacco products,2003,8911.377
USA,United States,C10T12,Manufacture of food products; beverages and tobacco products,2002,8531.783
USA,United States,C10T12,Manufacture of food products; beverages and tobacco products,2001,8839.913
USA,United States,C10T12,Manufacture of food products; beverages and tobacco products,2000,8682.103
USA,United States,C10T12,Manufacture of food products; beverages and tobacco products,1999,8541.535
USA,United States,C10T12,Manufacture of food products; beverages and tobacco products,1998,8018.759
USA,United States,C10T12,Manufacture of food products; beverages and tobacco products,1997,8497.751
USA,United States,C10T12,Manufacture of food products; beverages and tobacco products,1996,8438.827
USA,United States,C10T12,Manufacture of food products; beverages and tobacco products,1995,8999.791
USA,United States,C13T15,"Manufacture of textiles, wearing apparel, leather and related products",2022,6593.145
USA,United States,C13T15,"Manufacture of textiles, wearing apparel, leather and related products",2021,7010.481
USA,United States,C13T15,"Manufacture of textiles, wearing apparel, leather and related products",2020,6128.609
USA,United States,C13T15,"Manufacture of textiles, wearing apparel, leather and related products",2019,6594.19
USA,United States,C13T15,"Manufacture of textiles, wearing apparel, leather and related products",2018,7641.788
USA,United States,C13T15,"Manufacture of textiles, wearing apparel, leather and related products",2017,6012.866
USA,United States,C13T15,"Manufacture of textiles, wearing apparel, leather and related products",2016,7424.482
USA,United States,C13T15,"Manufacture of textiles, wearing apparel, leather and related products",2015,7861.096
USA,United States,C13T15,"Manufacture of textiles, wearing apparel, leather and related products",2014,7962.132
USA,United States,C13T15,"Manufacture of textiles, wearing apparel, leather and related products",2013,7802.156
USA,United States,C13T15,"Manufacture of textiles, wearing apparel, leather and related products",2012,6179.363
USA,United States,C13T15,"Manufacture of textiles, wearing apparel, leather and related products",2011,7438.841
USA,United States,C13T15,"Manufacture of textiles, wearing apparel, leather and related products",2010,6760.992
USA,United States,C13T15,"Manufacture of textiles, wearing apparel, leather and related products",2009,5548.481
USA,United States,C13T15,"Manufacture of textiles, wearing apparel, leather and related products",2008,6872.538
USA,United States,C13T15,"Manufacture of textiles, wearing apparel, leather and related products",2007,5753.345
USA,United States,C13T15,"Manufacture of textiles, wearing apparel, leather and related products",2006,5883.489
USA,United States,C13T15,"Manufacture of textiles, wearing apparel, leather and related products",2005,5709.661
USA,United States,C13T15,"Manufacture of textiles, wearing apparel, leather and related products",2004,5746.616
USA,United States,C13T15,"Manufacture of textiles, wearing apparel, leather and related products",2003,4998.575
USA,United States,C13T15,"Manufacture of textiles, wearing apparel, leather and related products",2002,5621.528
USA,United States,C13T15,"Manufacture of textiles, wearing apparel, leather and related products",2001,5802.519
USA,United States,C13T15,"Manufacture of textiles, wearing apparel, leather and related products",2000,6255.139
USA,United States,C13T15,"Manufacture of textiles, wearing apparel, leather and related products",1999,5864.224
USA,United States,C13T15,"Manufacture of textiles, wearing apparel, leather and related products",1998,5988.936
USA,United States,C13T15,"Manufacture of textiles, wearing apparel, leather and related products",1997,6058.74
USA,United States,C13T15,"Manufacture of textiles, wearing apparel, leather and related products",1996,5757.081
USA,United States,C13T15,"Manufacture of textiles, wearing apparel, leather and related products",1995,5276.278
USA,United States,C16,"Manufacture of wood and of products of wood and cork, except furniture; manufacture of articles of straw and plaiting materials",2022,6315.852
USA,United States,C16,"Manufacture of wood and of products of wood and cork, except furniture; manufacture of articles of straw and plaiting materials",2021,5150.577
USA,United States,C16,"Manufacture of wood and of products of wood and cork, except furniture; manufacture of articles of straw and plaiting materials",2020,3763.55
USA,United States,C16,"Manufacture of wood and of products of wood and cork, except furniture; manufacture of articles of straw and plaiting materials",2019,3894.352
USA,United States,C16,"Manufacture of wood and of products of wood and cork, except furniture; manufacture of articles of straw and plaiting materials",2018,4205.225
USA,United States,C16,"Manufacture of wood and of products of wood and cork, except furniture; manufacture of articles of straw and plaiting materials",2017,3994.292
USA,United States,C16,"Manufacture of wood and of products of wood and cork, except furniture; manufacture of articles of straw and plaiting materials",2016,3574.283
USA,United States,C16,"Manufacture of wood and of products of wood and cork, except furniture; manufacture of articles of straw and plaiting materials",2015,3506.574
USA,United States,C16,"Manufacture of wood and of products of wood and cork, except furniture; manufacture of articles of straw and plaiting materials",2014,3879.867
USA,United States,C16,"Manufacture of wood and of products of wood and cork, except furniture; manufacture of articles of straw and plaiting materials",2013,3883.647
USA,United States,C16,"Manufacture of wood and of products of wood and cork, except furniture; manufacture of articles of straw and plaiting materials",2012,3248.942
USA,United States,C16,"Manufacture of wood and of products of wood and cork, except furniture; manufacture of articles of straw and plaiting materials",2011,3128.468
USA,United States,C16,"Manufacture of wood and of products of wood and cork, except furniture; manufacture of articles of straw and plaiting materials",2010,2713.528
USA,United States,C16,"Manufacture of wood and of products of wood and cork, except furniture; manufacture of articles of straw and plaiting materials",2009,2100.671
USA,United States,C16,"Manufacture of wood and of products of wood and cork, except furniture; manufacture of articles of straw and plaiting materials",2008,2758.925
USA,United States,C16,"Manufacture of wood and of products of wood and cork, except furniture; manufacture of articles of straw and plaiting materials",2007,2656.916
USA,United States,C16,"Manufacture of wood and of products of wood and cork, except furniture; manufacture of articles of straw and plaiting materials",2006,2643.556
USA,United States,C16,"Manufacture of wood and of products of wood and cork, except furniture; manufacture of articles of straw and plaiting materials",2005,2634.939
USA,United States,C16,"Manufacture of wood and of products of wood and cork, except furniture; manufacture of articles of straw and plaiting materials",2004,2381.602
USA,United States,C16,"Manufacture of wood and of products of wood and cork, except furniture; manufacture of articles of straw and plaiting materials",2003,2117.401
USA,United States,C16,"Manufacture of wood and of products of wood and cork, except furniture; manufacture of articles of straw and plaiting materials",2002,2030.025
USA,United States,C16,"Manufacture of wood and of products of wood and cork, except furniture; manufacture of articles of straw and plaiting materials",2001,2203.895
USA,United States,C16,"Manufacture of wood and of products of wood and cork, except furniture; manufacture of articles of straw and plaiting materials",2000,2537.248
USA,United States,C16,"Manufacture of wood and of products of wood and cork, except furniture; manufacture of articles of straw and plaiting materials",1999,2495.454
USA,United States,C16,"Manufacture of wood and of products of wood and cork, except furniture; manufacture of articles of straw and plaiting materials",1998,2357.725
USA,United States,C16,"Manufacture of wood and of products of wood and cork, except furniture; manufacture of articles of straw and plaiting materials",1997,2736.301
USA,United States,C16,"Manufacture of wood and of products of wood and cork, except furniture; manufacture of articles of straw and plaiting materials",1996,2679.689
USA,United States,C16,"Manufacture of wood and of products of wood and cork, except furniture; manufacture of articles of straw and plaiting materials",1995,2753.632
USA,United States,C16T18,"Manufacture of wood and of products of wood and cork, except furniture; manufacture of articles of straw and plaiting materials; manufacture of paper and paper products; printing and reproduction of recorded media",2022,23764.82
USA,United States,C16T18,"Manufacture of wood and of products of wood and cork, except furniture; manufacture of articles of straw and plaiting materials; manufacture of paper and paper products; printing and reproduction of recorded media",2021,20600.524
USA,United States,C16T18,"Manufacture of wood and of products of wood and cork, except furniture; manufacture of articles of straw and plaiting materials; manufacture of paper and paper products; printing and reproduction of recorded media",2020,18277.616
USA,United States,C16T18,"Manufacture of wood and of products of wood and cork, except furniture; manufacture of articles of straw and plaiting materials; manufacture of paper and paper products; printing and reproduction of recorded media",2019,20670.021
USA,United States,C16T18,"Manufacture of wood and of products of wood and cork, except furniture; manufacture of articles of straw and plaiting materials; manufacture of paper and paper products; printing and reproduction of recorded media",2018,21360.598
USA,United States,C16T18,"Manufacture of wood and of products of wood and cork, except furniture; manufacture of articles of straw and plaiting materials; manufacture of paper and paper products; printing and reproduction of recorded media",2017,19507.85
USA,United States,C16T18,"Manufacture of wood and of products of wood and cork, except furniture; manufacture of articles of straw and plaiting materials; manufacture of paper and paper products; printing and reproduction of recorded media",2016,19794.626
USA,United States,C16T18,"Manufacture of wood and of products of wood and cork, except furniture; manufacture of articles of straw and plaiting materials; manufacture of paper and paper products; printing and reproduction of recorded media",2015,20897.274
USA,United States,C16T18,"Manufacture of wood and of products of wood and cork, except furniture; manufacture of articles of straw and plaiting materials; manufacture of paper and paper products; printing and reproduction of recorded media",2014,21611.188
USA,United States,C16T18,"Manufacture of wood and of products of wood and cork, except furniture; manufacture of articles of straw and plaiting materials; manufacture of paper and paper products; printing and reproduction of recorded media",2013,21446.345
USA,United States,C16T18,"Manufacture of wood and of products of wood and cork, except furniture; manufacture of articles of straw and plaiting materials; manufacture of paper and paper products; printing and reproduction of recorded media",2012,19699.62
USA,United States,C16T18,"Manufacture of wood and of products of wood and cork, except furniture; manufacture of articles of straw and plaiting materials; manufacture of paper and paper products; printing and reproduction of recorded media",2011,19969.234
USA,United States,C16T18,"Manufacture of wood and of products of wood and cork, except furniture; manufacture of articles of straw and plaiting materials; manufacture of paper and paper products; printing and reproduction of recorded media",2010,18974.01
USA,United States,C16T18,"Manufacture of wood and of products of wood and cork, except furniture; manufacture of articles of straw and plaiting materials; manufacture of paper and paper products; printing and reproduction of recorded media",2009,17180.717
USA,United States,C16T18,"Manufacture of wood and of products of wood and cork, except furniture; manufacture of articles of straw and plaiting materials; manufacture of paper and paper products; printing and reproduction of recorded media",2008,19233.075
USA,United States,C16T18,"Manufacture of wood and of products of wood and cork, except furniture; manufacture of articles of straw and plaiting materials; manufacture of paper and paper products; printing and reproduction of recorded media",2007,18504.294
USA,United States,C16T18,"Manufacture of wood and of products of wood and cork, except furniture; manufacture of articles of straw and plaiting materials; manufacture of paper and paper products; printing and reproduction of recorded media",2006,17909.527
USA,United States,C16T18,"Manufacture of wood and of products of wood and cork, except furniture; manufacture of articles of straw and plaiting materials; manufacture of paper and paper products; printing and reproduction of recorded media",2005,15991.398
USA,United States,C16T18,"Manufacture of wood and of products of wood and cork, except furniture; manufacture of articles of straw and plaiting materials; manufacture of paper and paper products; printing and reproduction of recorded media",2004,14605.166
USA,United States,C16T18,"Manufacture of wood and of products of wood and cork, except furniture; manufacture of articles of straw and plaiting materials; manufacture of paper and paper products; printing and reproduction of recorded media",2003,13641.092
USA,United States,C16T18,"Manufacture of wood and of products of wood and cork, except furniture; manufacture of articles of straw and plaiting materials; manufacture of paper and paper products; printing and reproduction of recorded media",2002,13378.558
USA,United States,C16T18,"Manufacture of wood and of products of wood and cork, except furniture; manufacture of articles of straw and plaiting materials; manufacture of paper and paper products; printing and reproduction of recorded media",2001,14169.502
USA,United States,C16T18,"Manufacture of wood and of products of wood and cork, except furniture; manufacture of articles of straw and plaiting materials; manufacture of paper and paper products; printing and reproduction of recorded media",2000,16684.986
USA,United States,C16T18,"Manufacture of wood and of products of wood and cork, except furniture; manufacture of articles of straw and plaiting materials; manufacture of paper and paper products; printing and reproduction of recorded media",1999,15380.363
USA,United States,C16T18,"Manufacture of wood and of products of wood and cork, except furniture; manufacture of articles of straw and plaiting materials; manufacture of paper and paper products; printing and reproduction of recorded media",1998,14862.076
USA,United States,C16T18,"Manufacture of wood and of products of wood and cork, except furniture; manufacture of articles of straw and plaiting materials; manufacture of paper and paper products; printing and reproduction of recorded media",1997,16120.639
USA,United States,C16T18,"Manufacture of wood and of products of wood and cork, except furniture; manufacture of articles of straw and plaiting materials; manufacture of paper and paper products; printing and reproduction of recorded media",1996,16127.911
USA,United States,C16T18,"Manufacture of wood and of products of wood and cork, except furniture; manufacture of articles of straw and plaiting materials; manufacture of paper and paper products; printing and reproduction of recorded media",1995,16326.812
USA,United States,C17_18,Manufacture of paper and paper products; printing and reproduction of recorded media,2022,17448.968
USA,United States,C17_18,Manufacture of paper and paper products; printing and reproduction of recorded media,2021,15449.948
USA,United States,C17_18,Manufacture of paper and paper products; printing and reproduction of recorded media,2020,14514.066
USA,United States,C17_18,Manufacture of paper and paper products; printing and reproduction of recorded media,2019,16775.669
USA,United States,C17_18,Manufacture of paper and paper products; printing and reproduction of recorded media,2018,17155.373
USA,United States,C17_18,Manufacture of paper and paper products; printing and reproduction of recorded media,2017,15513.558
USA,United States,C17_18,Manufacture of paper and paper products; printing and reproduction of recorded media,2016,16220.343
USA,United States,C17_18,Manufacture of paper and paper products; printing and reproduction of recorded media,2015,17390.7
USA,United States,C17_18,Manufacture of paper and paper products; printing and reproduction of recorded media,2014,17731.321
USA,United States,C17_18,Manufacture of paper and paper products; printing and reproduction of recorded media,2013,17562.698
USA,United States,C17_18,Manufacture of paper and paper products; printing and reproduction of recorded media,2012,16450.679
USA,United States,C17_18,Manufacture of paper and paper products; printing and reproduction of recorded media,2011,16840.766
USA,United States,C17_18,Manufacture of paper and paper products; printing and reproduction of recorded media,2010,16260.482
USA,United States,C17_18,Manufacture of paper and paper products; printing and reproduction of recorded media,2009,15080.047
USA,United States,C17_18,Manufacture of paper and paper products; printing and reproduction of recorded media,2008,16474.151
USA,United States,C17_18,Manufacture of paper and paper products; printing and reproduction of recorded media,2007,15847.377
USA,United States,C17_18,Manufacture of paper and paper products; printing and reproduction of recorded media,2006,15265.971
USA,United States,C17_18,Manufacture of paper and paper products; printing and reproduction of recorded media,2005,13356.459
USA,United States,C17_18,Manufacture of paper and paper products; printing and reproduction of recorded media,2004,12223.564
USA,United States,C17_18,Manufacture of paper and paper products; printing and reproduction of recorded media,2003,11523.69
USA,United States,C17_18,Manufacture of paper and paper products; printing and reproduction of recorded media,2002,11348.533
USA,United States,C17_18,Manufacture of paper and paper products; printing and reproduction of recorded media,2001,11965.607
USA,United States,C17_18,Manufacture of paper and paper products; printing and reproduction of recorded media,2000,14147.738
USA,United States,C17_18,Manufacture of paper and paper products; printing and reproduction of recorded media,1999,12884.909
USA,United States,C17_18,Manufacture of paper and paper products; printing and reproduction of recorded media,1998,12504.351
USA,United States,C17_18,Manufacture of paper and paper products; printing and reproduction of recorded media,1997,13384.338
USA,United States,C17_18,Manufacture of paper and paper products; printing and reproduction of recorded media,1996,13448.222
USA,United States,C17_18,Manufacture of paper and paper products; printing and reproduction of recorded media,1995,13573.18
USA,United States,C19,Manufacture of coke and refined petroleum products,2022,50373.445
USA,United States,C19,Manufacture of coke and refined petroleum products,2021,28249.742
USA,United States,C19,Manufacture of coke and refined petroleum products,2020,12861.195
USA,United States,C19,Manufacture of coke and refined petroleum products,2019,28518.652
USA,United States,C19,Manufacture of coke and refined petroleum products,2018,37253.495
USA,United States,C19,Manufacture of coke and refined petroleum products,2017,26798.061
USA,United States,C19,Manufacture of coke and refined petroleum products,2016,16315.644
USA,United States,C19,Manufacture of coke and refined petroleum products,2015,25854.221
USA,United States,C19,Manufacture of coke and refined petroleum products,2014,30866.712
USA,United States,C19,Manufacture of coke and refined petroleum products,2013,28970.269
USA,United States,C19,Manufacture of coke and refined petroleum products,2012,31494.231
USA,United States,C19,Manufacture of coke and refined petroleum products,2011,29438.12
USA,United States,C19,Manufacture of coke and refined petroleum products,2010,19478.077
USA,United States,C19,Manufacture of coke and refined petroleum products,2009,15556.109
USA,United States,C19,Manufacture of coke and refined petroleum products,2008,23246.673
USA,United States,C19,Manufacture of coke and refined petroleum products,2007,19690.258
USA,United States,C19,Manufacture of coke and refined petroleum products,2006,16226.515
USA,United States,C19,Manufacture of coke and refined petroleum products,2005,15117.134
USA,United States,C19,Manufacture of coke and refined petroleum products,2004,10254.987
USA,United States,C19,Manufacture of coke and refined petroleum products,2003,7382.474
USA,United States,C19,Manufacture of coke and refined petroleum products,2002,4366.817
USA,United States,C19,Manufacture of coke and refined petroleum products,2001,6093.162
USA,United States,C19,Manufacture of coke and refined petroleum products,2000,5116.897
USA,United States,C19,Manufacture of coke and refined petroleum products,1999,4320.107
USA,United States,C19,Manufacture of coke and refined petroleum products,1998,5610.757
USA,United States,C19,Manufacture of coke and refined petroleum products,1997,5629.158
USA,United States,C19,Manufacture of coke and refined petroleum products,1996,4374.002
USA,United States,C19,Manufacture of coke and refined petroleum products,1995,4089.918
USA,United States,C19T23,Manufacture of chemicals and non-metallic mineral products,2022,195139.479
USA,United States,C19T23,Manufacture of chemicals and non-metallic mineral products,2021,162687.188
USA,United States,C19T23,Manufacture of chemicals and non-metallic mineral products,2020,118802.942
USA,United States,C19T23,Manufacture of chemicals and non-metallic mineral products,2019,137943.685
USA,United States,C19T23,Manufacture of chemicals and non-metallic mineral products,2018,147293.065
USA,United States,C19T23,Manufacture of chemicals and non-metallic mineral products,2017,131592.176
USA,United States,C19T23,Manufacture of chemicals and non-metallic mineral products,2016,117739.16
USA,United States,C19T23,Manufacture of chemicals and non-metallic mineral products,2015,125845.588
USA,United States,C19T23,Manufacture of chemicals and non-metallic mineral products,2014,130369.499
USA,United States,C19T23,Manufacture of chemicals and non-metallic mineral products,2013,128466.716
USA,United States,C19T23,Manufacture of chemicals and non-metallic mineral products,2012,129738.78
USA,United States,C19T23,Manufacture of chemicals and non-metallic mineral products,2011,125954.531
USA,United States,C19T23,Manufacture of chemicals and non-metallic mineral products,2010,111951.113
USA,United States,C19T23,Manufacture of chemicals and non-metallic mineral products,2009,96992.676
USA,United States,C19T23,Manufacture of chemicals and non-metallic mineral products,2008,104423.707
USA,United States,C19T23,Manufacture of chemicals and non-metallic mineral products,2007,96294.533
USA,United States,C19T23,Manufacture of chemicals and non-metallic mineral products,2006,82870.453
USA,United States,C19T23,Manufacture of chemicals and non-metallic mineral products,2005,72379.163
USA,United States,C19T23,Manufacture of chemicals and non-metallic mineral products,2004,66636.547
USA,United States,C19T23,Manufacture of chemicals and non-metallic mineral products,2003,56159.433
USA,United States,C19T23,Manufacture of chemicals and non-metallic mineral products,2002,48917.708
USA,United States,C19T23,Manufacture of chemicals and non-metallic mineral products,2001,51069.883
USA,United States,C19T23,Manufacture of chemicals and non-metallic mineral products,2000,52300.729
USA,United States,C19T23,Manufacture of chemicals and non-metallic mineral products,1999,49639.505
USA,United States,C19T23,Manufacture of chemicals and non-metallic mineral products,1998,50863.239
USA,United States,C19T23,Manufacture of chemicals and non-metallic mineral products,1997,52981.822
USA,United States,C19T23,Manufacture of chemicals and non-metallic mineral products,1996,48301.584
USA,United States,C19T23,Manufacture of chemicals and non-metallic mineral products,1995,47415.348
USA,United States,C20,Manufacture of chemicals and chemical products,2022,82038.772
USA,United States,C20,Manufacture of chemicals and chemical products,2021,69083.953
USA,United States,C20,Manufacture of chemicals and chemical products,2020,53774.159
USA,United States,C20,Manufacture of chemicals and chemical products,2019,56398.498
USA,United States,C20,Manufacture of chemicals and chemical products,2018,56619.049
USA,United States,C20,Manufacture of chemicals and chemical products,2017,53566.952
USA,United States,C20,Manufacture of chemicals and chemical products,2016,52319.551
USA,United States,C20,Manufacture of chemicals and chemical products,2015,52726.817
USA,United States,C20,Manufacture of chemicals and chemical products,2014,56658.818
USA,United States,C20,Manufacture of chemicals and chemical products,2013,55481.706
USA,United States,C20,Manufacture of chemicals and chemical products,2012,54158.869
USA,United States,C20,Manufacture of chemicals and chemical products,2011,52621.568
USA,United States,C20,Manufacture of chemicals and chemical products,2010,49792.337
USA,United States,C20,Manufacture of chemicals and chemical products,2009,39484.305
USA,United States,C20,Manufacture of chemicals and chemical products,2008,43289.805
USA,United States,C20,Manufacture of chemicals and chemical products,2007,40973.978
USA,United States,C20,Manufacture of chemicals and chemical products,2006,34222.57
USA,United States,C20,Manufacture of chemicals and chemical products,2005,28346.406
USA,United States,C20,Manufacture of chemicals and chemical products,2004,28957.318
USA,United States,C20,Manufacture of chemicals and chemical products,2003,24687.14
USA,United States,C20,Manufacture of chemicals and chemical products,2002,22536.589
USA,United States,C20,Manufacture of chemicals and chemical products,2001,21943.145
USA,United States,C20,Manufacture of chemicals and chemical products,2000,23176.613
USA,United States,C20,Manufacture of chemicals and chemical products,1999,23048.795
USA,United States,C20,Manufacture of chemicals and chemical products,1998,24241.735
USA,United States,C20,Manufacture of chemicals and chemical products,1997,26742.166
USA,United States,C20,Manufacture of chemicals and chemical products,1996,25340.191
USA,United States,C20,Manufacture of chemicals and chemical products,1995,25145.01
USA,United States,C20_21,Manufacture of chemicals and pharmaceuticals,2022,122370.271
USA,United States,C20_21,Manufacture of chemicals and pharmaceuticals,2021,115426.669
USA,United States,C20_21,Manufacture of chemicals and pharmaceuticals,2020,88593.145
USA,United States,C20_21,Manufacture of chemicals and pharmaceuticals,2019,89202.797
USA,United States,C20_21,Manufacture of chemicals and pharmaceuticals,2018,89264.246
USA,United States,C20_21,Manufacture of chemicals and pharmaceuticals,2017,85041.882
USA,United States,C20_21,Manufacture of chemicals and pharmaceuticals,2016,81582.796
USA,United States,C20_21,Manufacture of chemicals and pharmaceuticals,2015,78532.015
USA,United States,C20_21,Manufacture of chemicals and pharmaceuticals,2014,78615.8
USA,United States,C20_21,Manufacture of chemicals and pharmaceuticals,2013,78309.332
USA,United States,C20_21,Manufacture of chemicals and pharmaceuticals,2012,78259.472
USA,United States,C20_21,Manufacture of chemicals and pharmaceuticals,2011,77478.172
USA,United States,C20_21,Manufacture of chemicals and pharmaceuticals,2010,75025.689
USA,United States,C20_21,Manufacture of chemicals and pharmaceuticals,2009,65896.494
USA,United States,C20_21,Manufacture of chemicals and pharmaceuticals,2008,64378.052
USA,United States,C20_21,Manufacture of chemicals and pharmaceuticals,2007,60310.513
USA,United States,C20_21,Manufacture of chemicals and pharmaceuticals,2006,51417.941
USA,United States,C20_21,Manufacture of chemicals and pharmaceuticals,2005,42899.686
USA,United States,C20_21,Manufacture of chemicals and pharmaceuticals,2004,42377.532
USA,United States,C20_21,Manufacture of chemicals and pharmaceuticals,2003,36149.605
USA,United States,C20_21,Manufacture of chemicals and pharmaceuticals,2002,32419.936
USA,United States,C20_21,Manufacture of chemicals and pharmaceuticals,2001,31601.821
USA,United States,C20_21,Manufacture of chemicals and pharmaceuticals,2000,32632.702
USA,United States,C20_21,Manufacture of chemicals and pharmaceuticals,1999,31726.517
USA,United States,C20_21,Manufacture of chemicals and pharmaceuticals,1998,31767.08
USA,United States,C20_21,Manufacture of chemicals and pharmaceuticals,1997,34133.349
USA,United States,C20_21,Manufacture of chemicals and pharmaceuticals,1996,32276.26
USA,United States,C20_21,Manufacture of chemicals and pharmaceuticals,1995,32215.908
USA,United States,C21,Manufacture of basic pharmaceutical products and pharmaceutical preparations,2022,40331.499
USA,United States,C21,Manufacture of basic pharmaceutical products and pharmaceutical preparations,2021,46342.716
USA,United States,C21,Manufacture of basic pharmaceutical products and pharmaceutical preparations,2020,34818.987
USA,United States,C21,Manufacture of basic pharmaceutical products and pharmaceutical preparations,2019,32804.299
USA,United States,C21,Manufacture of basic pharmaceutical products and pharmaceutical preparations,2018,32645.197
USA,United States,C21,Manufacture of basic pharmaceutical products and pharmaceutical preparations,2017,31474.93
USA,United States,C21,Manufacture of basic pharmaceutical products and pharmaceutical preparations,2016,29263.245
USA,United States,C21,Manufacture of basic pharmaceutical products and pharmaceutical preparations,2015,25805.198
USA,United States,C21,Manufacture of basic pharmaceutical products and pharmaceutical preparations,2014,21956.981
USA,United States,C21,Manufacture of basic pharmaceutical products and pharmaceutical preparations,2013,22827.626
USA,United States,C21,Manufacture of basic pharmaceutical products and pharmaceutical preparations,2012,24100.603
USA,United States,C21,Manufacture of basic pharmaceutical products and pharmaceutical preparations,2011,24856.603
USA,United States,C21,Manufacture of basic pharmaceutical products and pharmaceutical preparations,2010,25233.352
USA,United States,C21,Manufacture of basic pharmaceutical products and pharmaceutical preparations,2009,26412.189
USA,United States,C21,Manufacture of basic pharmaceutical products and pharmaceutical preparations,2008,21088.247
USA,United States,C21,Manufacture of basic pharmaceutical products and pharmaceutical preparations,2007,19336.535
USA,United States,C21,Manufacture of basic pharmaceutical products and pharmaceutical preparations,2006,17195.372
USA,United States,C21,Manufacture of basic pharmaceutical products and pharmaceutical preparations,2005,14553.28
USA,United States,C21,Manufacture of basic pharmaceutical products and pharmaceutical preparations,2004,13420.214
USA,United States,C21,Manufacture of basic pharmaceutical products and pharmaceutical preparations,2003,11462.465
USA,United States,C21,Manufacture of basic pharmaceutical products and pharmaceutical preparations,2002,9883.347
USA,United States,C21,Manufacture of basic pharmaceutical products and pharmaceutical preparations,2001,9658.676
USA,United States,C21,Manufacture of basic pharmaceutical products and pharmaceutical preparations,2000,9456.089
USA,United States,C21,Manufacture of basic pharmaceutical products and pharmaceutical preparations,1999,8677.722
USA,United States,C21,Manufacture of basic pharmaceutical products and pharmaceutical preparations,1998,7525.345
USA,United States,C21,Manufacture of basic pharmaceutical products and pharmaceutical preparations,1997,7391.183
USA,United States,C21,Manufacture of basic pharmaceutical products and pharmaceutical preparations,1996,6936.069
USA,United States,C21,Manufacture of basic pharmaceutical products and pharmaceutical preparations,1995,7070.898
USA,United States,C22,Manufacture of rubber and plastics products,2022,15494.152
USA,United States,C22,Manufacture of rubber and plastics products,2021,12356.913
USA,United States,C22,Manufacture of rubber and plastics products,2020,11494.975
USA,United States,C22,Manufacture of rubber and plastics products,2019,13456.508
USA,United States,C22,Manufacture of rubber and plastics products,2018,13670.911
USA,United States,C22,Manufacture of rubber and plastics products,2017,13118.073
USA,United States,C22,Manufacture of rubber and plastics products,2016,13339.678
USA,United States,C22,Manufacture of rubber and plastics products,2015,13921.963
USA,United States,C22,Manufacture of rubber and plastics products,2014,13080.147
USA,United States,C22,Manufacture of rubber and plastics products,2013,13985.513
USA,United States,C22,Manufacture of rubber and plastics products,2012,13255.816
USA,United States,C22,Manufacture of rubber and plastics products,2011,12915.926
USA,United States,C22,Manufacture of rubber and plastics products,2010,11817.9
USA,United States,C22,Manufacture of rubber and plastics products,2009,10720.881
USA,United States,C22,Manufacture of rubber and plastics products,2008,10474.817
USA,United States,C22,Manufacture of rubber and plastics products,2007,10834.369
USA,United States,C22,Manufacture of rubber and plastics products,2006,9953.164
USA,United States,C22,Manufacture of rubber and plastics products,2005,9319.242
USA,United States,C22,Manufacture of rubber and plastics products,2004,9200.032
USA,United States,C22,Manufacture of rubber and plastics products,2003,8358.179
USA,United States,C22,Manufacture of rubber and plastics products,2002,8241.455
USA,United States,C22,Manufacture of rubber and plastics products,2001,8587.374
USA,United States,C22,Manufacture of rubber and plastics products,2000,9397.33
USA,United States,C22,Manufacture of rubber and plastics products,1999,8867.758
USA,United States,C22,Manufacture of rubber and plastics products,1998,8786.336
USA,United States,C22,Manufacture of rubber and plastics products,1997,8177.891
USA,United States,C22,Manufacture of rubber and plastics products,1996,7996.647
USA,United States,C22,Manufacture of rubber and plastics products,1995,7539.037
USA,United States,C23,Manufacture of other non-metallic mineral products,2022,6901.61
USA,United States,C23,Manufacture of other non-metallic mineral products,2021,6653.864
USA,United States,C23,Manufacture of other non-metallic mineral products,2020,5853.627
USA,United States,C23,Manufacture of other non-metallic mineral products,2019,6765.728
USA,United States,C23,Manufacture of other non-metallic mineral products,2018,7104.413
USA,United States,C23,Manufacture of other non-metallic mineral products,2017,6634.16
USA,United States,C23,Manufacture of other non-metallic mineral products,2016,6501.043
USA,United States,C23,Manufacture of other non-metallic mineral products,2015,7537.389
USA,United States,C23,Manufacture of other non-metallic mineral products,2014,7806.84
USA,United States,C23,Manufacture of other non-metallic mineral products,2013,7201.602
USA,United States,C23,Manufacture of other non-metallic mineral products,2012,6729.262
USA,United States,C23,Manufacture of other non-metallic mineral products,2011,6122.313
USA,United States,C23,Manufacture of other non-metallic mineral products,2010,5629.447
USA,United States,C23,Manufacture of other non-metallic mineral products,2009,4819.191
USA,United States,C23,Manufacture of other non-metallic mineral products,2008,6324.165
USA,United States,C23,Manufacture of other non-metallic mineral products,2007,5459.392
USA,United States,C23,Manufacture of other non-metallic mineral products,2006,5272.833
USA,United States,C23,Manufacture of other non-metallic mineral products,2005,5043.101
USA,United States,C23,Manufacture of other non-metallic mineral products,2004,4803.997
USA,United States,C23,Manufacture of other non-metallic mineral products,2003,4269.175
USA,United States,C23,Manufacture of other non-metallic mineral products,2002,3889.499
USA,United States,C23,Manufacture of other non-metallic mineral products,2001,4787.526
USA,United States,C23,Manufacture of other non-metallic mineral products,2000,5153.799
USA,United States,C23,Manufacture of other non-metallic mineral products,1999,4725.122
USA,United States,C23,Manufacture of other non-metallic mineral products,1998,4699.067
USA,United States,C23,Manufacture of other non-metallic mineral products,1997,5041.425
USA,United States,C23,Manufacture of other non-metallic mineral products,1996,3654.676
USA,United States,C23,Manufacture of other non-metallic mineral products,1995,3570.486
USA,United States,C24,Manufacture of basic metals,2022,32220.21
USA,United States,C24,Manufacture of basic metals,2021,29511.012
USA,United States,C24,Manufacture of basic metals,2020,20622.035
USA,United States,C24,Manufacture of basic metals,2019,26778.503
USA,United States,C24,Manufacture of basic metals,2018,27918.157
USA,United States,C24,Manufacture of basic metals,2017,26346.215
USA,United States,C24,Manufacture of basic metals,2016,24172.957
USA,United States,C24,Manufacture of basic metals,2015,26239.831
USA,United States,C24,Manufacture of basic metals,2014,26553.751
USA,United States,C24,Manufacture of basic metals,2013,28871.49
USA,United States,C24,Manufacture of basic metals,2012,32507.263
USA,United States,C24,Manufacture of basic metals,2011,27736.351
USA,United States,C24,Manufacture of basic metals,2010,21579.193
USA,United States,C24,Manufacture of basic metals,2009,15095.092
USA,United States,C24,Manufacture of basic metals,2008,26797.878
USA,United States,C24,Manufacture of basic metals,2007,23992.56
USA,United States,C24,Manufacture of basic metals,2006,20318.035
USA,United States,C24,Manufacture of basic metals,2005,16506.474
USA,United States,C24,Manufacture of basic metals,2004,14980.567
USA,United States,C24,Manufacture of basic metals,2003,11276.909
USA,United States,C24,Manufacture of basic metals,2002,11434.868
USA,United States,C24,Manufacture of basic metals,2001,12565.532
USA,United States,C24,Manufacture of basic metals,2000,14963.597
USA,United States,C24,Manufacture of basic metals,1999,13875.783
USA,United States,C24,Manufacture of basic metals,1998,15229.787
USA,United States,C24,Manufacture of basic metals,1997,15801.436
USA,United States,C24,Manufacture of basic metals,1996,14914.676
USA,United States,C24,Manufacture of basic metals,1995,15286.938
USA,United States,C24_25,"Manufacture of basic metals and fabricated metal products, except machinery and equipment",2022,57361.873
USA,United States,C24_25,"Manufacture of basic metals and fabricated metal products, except machinery and equipment",2021,49251.212
USA,United States,C24_25,"Manufacture of basic metals and fabricated metal products, except machinery and equipment",2020,40483.611
USA,United States,C24_25,"Manufacture of basic metals and fabricated metal products, except machinery and equipment",2019,51677.954
USA,United States,C24_25,"Manufacture of basic metals and fabricated metal products, except machinery and equipment",2018,52282.075
USA,United States,C24_25,"Manufacture of basic metals and fabricated metal products, except machinery and equipment",2017,48098.586
USA,United States,C24_25,"Manufacture of basic metals and fabricated metal products, except machinery and equipment",2016,47187.364
USA,United States,C24_25,"Manufacture of basic metals and fabricated metal products, except machinery and equipment",2015,50411.036
USA,United States,C24_25,"Manufacture of basic metals and fabricated metal products, except machinery and equipment",2014,52940.69
USA,United States,C24_25,"Manufacture of basic metals and fabricated metal products, except machinery and equipment",2013,54881.744
USA,United States,C24_25,"Manufacture of basic metals and fabricated metal products, except machinery and equipment",2012,57945.003
USA,United States,C24_25,"Manufacture of basic metals and fabricated metal products, except machinery and equipment",2011,50956.532
USA,United States,C24_25,"Manufacture of basic metals and fabricated metal products, except machinery and equipment",2010,41742.158
USA,United States,C24_25,"Manufacture of basic metals and fabricated metal products, except machinery and equipment",2009,33228.909
USA,United States,C24_25,"Manufacture of basic metals and fabricated metal products, except machinery and equipment",2008,49440.87
USA,United States,C24_25,"Manufacture of basic metals and fabricated metal products, except machinery and equipment",2007,44382.275
USA,United States,C24_25,"Manufacture of basic metals and fabricated metal products, except machinery and equipment",2006,39385.078
USA,United States,C24_25,"Manufacture of basic metals and fabricated metal products, except machinery and equipment",2005,34175.198
USA,United States,C24_25,"Manufacture of basic metals and fabricated metal products, except machinery and equipment",2004,30605.909
USA,United States,C24_25,"Manufacture of basic metals and fabricated metal products, except machinery and equipment",2003,25967.502
USA,United States,C24_25,"Manufacture of basic metals and fabricated metal products, except machinery and equipment",2002,25075.013
USA,United States,C24_25,"Manufacture of basic metals and fabricated metal products, except machinery and equipment",2001,27287.03
USA,United States,C24_25,"Manufacture of basic metals and fabricated metal products, except machinery and equipment",2000,32007.427
USA,United States,C24_25,"Manufacture of basic metals and fabricated metal products, except machinery and equipment",1999,29507.71
USA,United States,C24_25,"Manufacture of basic metals and fabricated metal products, except machinery and equipment",1998,30675.817
USA,United States,C24_25,"Manufacture of basic metals and fabricated metal products, except machinery and equipment",1997,31052.382
USA,United States,C24_25,"Manufacture of basic metals and fabricated metal products, except machinery and equipment",1996,28845.718
USA,United States,C24_25,"Manufacture of basic metals and fabricated metal products, except machinery and equipment",1995,28257.686
USA,United States,C241_2431,"Manufacture of basic iron and steel and of ferro-alloys; of tubes, pipes, hollow profiles, related fittings and other products of first processing of steel; casting of iron and steel",2022,12624.581
USA,United States,C241_2431,"Manufacture of basic iron and steel and of ferro-alloys; of tubes, pipes, hollow profiles, related fittings and other products of first processing of steel; casting of iron and steel",2021,11225.529
USA,United States,C241_2431,"Manufacture of basic iron and steel and of ferro-alloys; of tubes, pipes, hollow profiles, related fittings and other products of first processing of steel; casting of iron and steel",2020,6809.154
USA,United States,C241_2431,"Manufacture of basic iron and steel and of ferro-alloys; of tubes, pipes, hollow profiles, related fittings and other products of first processing of steel; casting of iron and steel",2019,8266.804
USA,United States,C241_2431,"Manufacture of basic iron and steel and of ferro-alloys; of tubes, pipes, hollow profiles, related fittings and other products of first processing of steel; casting of iron and steel",2018,9753.905
USA,United States,C241_2431,"Manufacture of basic iron and steel and of ferro-alloys; of tubes, pipes, hollow profiles, related fittings and other products of first processing of steel; casting of iron and steel",2017,8884.795
USA,United States,C241_2431,"Manufacture of basic iron and steel and of ferro-alloys; of tubes, pipes, hollow profiles, related fittings and other products of first processing of steel; casting of iron and steel",2016,7269.769
USA,United States,C241_2431,"Manufacture of basic iron and steel and of ferro-alloys; of tubes, pipes, hollow profiles, related fittings and other products of first processing of steel; casting of iron and steel",2015,8112.137
USA,United States,C241_2431,"Manufacture of basic iron and steel and of ferro-alloys; of tubes, pipes, hollow profiles, related fittings and other products of first processing of steel; casting of iron and steel",2014,9929.752
USA,United States,C241_2431,"Manufacture of basic iron and steel and of ferro-alloys; of tubes, pipes, hollow profiles, related fittings and other products of first processing of steel; casting of iron and steel",2013,9902.386
USA,United States,C241_2431,"Manufacture of basic iron and steel and of ferro-alloys; of tubes, pipes, hollow profiles, related fittings and other products of first processing of steel; casting of iron and steel",2012,11023.702
USA,United States,C241_2431,"Manufacture of basic iron and steel and of ferro-alloys; of tubes, pipes, hollow profiles, related fittings and other products of first processing of steel; casting of iron and steel",2011,10086.157
USA,United States,C241_2431,"Manufacture of basic iron and steel and of ferro-alloys; of tubes, pipes, hollow profiles, related fittings and other products of first processing of steel; casting of iron and steel",2010,7112.924
USA,United States,C241_2431,"Manufacture of basic iron and steel and of ferro-alloys; of tubes, pipes, hollow profiles, related fittings and other products of first processing of steel; casting of iron and steel",2009,4558.742
USA,United States,C241_2431,"Manufacture of basic iron and steel and of ferro-alloys; of tubes, pipes, hollow profiles, related fittings and other products of first processing of steel; casting of iron and steel",2008,12103.899
USA,United States,C241_2431,"Manufacture of basic iron and steel and of ferro-alloys; of tubes, pipes, hollow profiles, related fittings and other products of first processing of steel; casting of iron and steel",2007,9216.681
USA,United States,C241_2431,"Manufacture of basic iron and steel and of ferro-alloys; of tubes, pipes, hollow profiles, related fittings and other products of first processing of steel; casting of iron and steel",2006,7739.333
USA,United States,C241_2431,"Manufacture of basic iron and steel and of ferro-alloys; of tubes, pipes, hollow profiles, related fittings and other products of first processing of steel; casting of iron and steel",2005,6909.728
USA,United States,C241_2431,"Manufacture of basic iron and steel and of ferro-alloys; of tubes, pipes, hollow profiles, related fittings and other products of first processing of steel; casting of iron and steel",2004,6484.831
USA,United States,C241_2431,"Manufacture of basic iron and steel and of ferro-alloys; of tubes, pipes, hollow profiles, related fittings and other products of first processing of steel; casting of iron and steel",2003,4429.099
USA,United States,C241_2431,"Manufacture of basic iron and steel and of ferro-alloys; of tubes, pipes, hollow profiles, related fittings and other products of first processing of steel; casting of iron and steel",2002,4172.797
USA,United States,C241_2431,"Manufacture of basic iron and steel and of ferro-alloys; of tubes, pipes, hollow profiles, related fittings and other products of first processing of steel; casting of iron and steel",2001,4207.817
USA,United States,C241_2431,"Manufacture of basic iron and steel and of ferro-alloys; of tubes, pipes, hollow profiles, related fittings and other products of first processing of steel; casting of iron and steel",2000,5098.099
USA,United States,C241_2431,"Manufacture of basic iron and steel and of ferro-alloys; of tubes, pipes, hollow profiles, related fittings and other products of first processing of steel; casting of iron and steel",1999,4708.744
USA,United States,C241_2431,"Manufacture of basic iron and steel and of ferro-alloys; of tubes, pipes, hollow profiles, related fittings and other products of first processing of steel; casting of iron and steel",1998,5350.144
USA,United States,C241_2431,"Manufacture of basic iron and steel and of ferro-alloys; of tubes, pipes, hollow profiles, related fittings and other products of first processing of steel; casting of iron and steel",1997,5578.976
USA,United States,C241_2431,"Manufacture of basic iron and steel and of ferro-alloys; of tubes, pipes, hollow profiles, related fittings and other products of first processing of steel; casting of iron and steel",1996,4729.849
USA,United States,C241_2431,"Manufacture of basic iron and steel and of ferro-alloys; of tubes, pipes, hollow profiles, related fittings and other products of first processing of steel; casting of iron and steel",1995,4965.397
USA,United States,C242_2432,Manufacture of basic precious and other non-ferrous metals; casting of light metals and other non-ferrous metals,2022,19595.629
USA,United States,C242_2432,Manufacture of basic precious and other non-ferrous metals; casting of light metals and other non-ferrous metals,2021,18285.483
USA,United States,C242_2432,Manufacture of basic precious and other non-ferrous metals; casting of light metals and other non-ferrous metals,2020,13812.881
USA,United States,C242_2432,Manufacture of basic precious and other non-ferrous metals; casting of light metals and other non-ferrous metals,2019,18511.698
USA,United States,C242_2432,Manufacture of basic precious and other non-ferrous metals; casting of light metals and other non-ferrous metals,2018,18164.252
USA,United States,C242_2432,Manufacture of basic precious and other non-ferrous metals; casting of light metals and other non-ferrous metals,2017,17461.419
USA,United States,C242_2432,Manufacture of basic precious and other non-ferrous metals; casting of light metals and other non-ferrous metals,2016,16903.188
USA,United States,C242_2432,Manufacture of basic precious and other non-ferrous metals; casting of light metals and other non-ferrous metals,2015,18127.694
USA,United States,C242_2432,Manufacture of basic precious and other non-ferrous metals; casting of light metals and other non-ferrous metals,2014,16624.0
USA,United States,C242_2432,Manufacture of basic precious and other non-ferrous metals; casting of light metals and other non-ferrous metals,2013,18969.104
USA,United States,C242_2432,Manufacture of basic precious and other non-ferrous metals; casting of light metals and other non-ferrous metals,2012,21483.561
USA,United States,C242_2432,Manufacture of basic precious and other non-ferrous metals; casting of light metals and other non-ferrous metals,2011,17650.194
USA,United States,C242_2432,Manufacture of basic precious and other non-ferrous metals; casting of light metals and other non-ferrous metals,2010,14466.269
USA,United States,C242_2432,Manufacture of basic precious and other non-ferrous metals; casting of light metals and other non-ferrous metals,2009,10536.35
USA,United States,C242_2432,Manufacture of basic precious and other non-ferrous metals; casting of light metals and other non-ferrous metals,2008,14693.979
USA,United States,C242_2432,Manufacture of basic precious and other non-ferrous metals; casting of light metals and other non-ferrous metals,2007,14775.879
USA,United States,C242_2432,Manufacture of basic precious and other non-ferrous metals; casting of light metals and other non-ferrous metals,2006,12578.702
USA,United States,C242_2432,Manufacture of basic precious and other non-ferrous metals; casting of light metals and other non-ferrous metals,2005,9596.746
USA,United States,C242_2432,Manufacture of basic precious and other non-ferrous metals; casting of light metals and other non-ferrous metals,2004,8495.736
USA,United States,C242_2432,Manufacture of basic precious and other non-ferrous metals; casting of light metals and other non-ferrous metals,2003,6847.81
USA,United States,C242_2432,Manufacture of basic precious and other non-ferrous metals; casting of light metals and other non-ferrous metals,2002,7262.072
USA,United States,C242_2432,Manufacture of basic precious and other non-ferrous metals; casting of light metals and other non-ferrous metals,2001,8357.715
USA,United States,C242_2432,Manufacture of basic precious and other non-ferrous metals; casting of light metals and other non-ferrous metals,2000,9865.498
USA,United States,C242_2432,Manufacture of basic precious and other non-ferrous metals; casting of light metals and other non-ferrous metals,1999,9167.039
USA,United States,C242_2432,Manufacture of basic precious and other non-ferrous metals; casting of light metals and other non-ferrous metals,1998,9879.643
USA,United States,C242_2432,Manufacture of basic precious and other non-ferrous metals; casting of light metals and other non-ferrous metals,1997,10222.46
USA,United States,C242_2432,Manufacture of basic precious and other non-ferrous metals; casting of light metals and other non-ferrous metals,1996,10184.827
USA,United States,C242_2432,Manufacture of basic precious and other non-ferrous metals; casting of light metals and other non-ferrous metals,1995,10321.54
USA,United States,C25,"Manufacture of fabricated metal products, except machinery and equipment",2022,25141.663
USA,United States,C25,"Manufacture of fabricated metal products, except machinery and equipment",2021,19740.2
USA,United States,C25,"Manufacture of fabricated metal products, except machinery and equipment",2020,19861.576
USA,United States,C25,"Manufacture of fabricated metal products, except machinery and equipment",2019,24899.451
USA,United States,C25,"Manufacture of fabricated metal products, except machinery and equipment",2018,24363.918
USA,United States,C25,"Manufacture of fabricated metal products, except machinery and equipment",2017,21752.371
USA,United States,C25,"Manufacture of fabricated metal products, except machinery and equipment",2016,23014.407
USA,United States,C25,"Manufacture of fabricated metal products, except machinery and equipment",2015,24171.205
USA,United States,C25,"Manufacture of fabricated metal products, except machinery and equipment",2014,26386.939
USA,United States,C25,"Manufacture of fabricated metal products, except machinery and equipment",2013,26010.254
USA,United States,C25,"Manufacture of fabricated metal products, except machinery and equipment",2012,25437.74
USA,United States,C25,"Manufacture of fabricated metal products, except machinery and equipment",2011,23220.181
USA,United States,C25,"Manufacture of fabricated metal products, except machinery and equipment",2010,20162.965
USA,United States,C25,"Manufacture of fabricated metal products, except machinery and equipment",2009,18133.817
USA,United States,C25,"Manufacture of fabricated metal products, except machinery and equipment",2008,22642.991
USA,United States,C25,"Manufacture of fabricated metal products, except machinery and equipment",2007,20389.715
USA,United States,C25,"Manufacture of fabricated metal products, except machinery and equipment",2006,19067.043
USA,United States,C25,"Manufacture of fabricated metal products, except machinery and equipment",2005,17668.724
USA,United States,C25,"Manufacture of fabricated metal products, except machinery and equipment",2004,15625.342
USA,United States,C25,"Manufacture of fabricated metal products, except machinery and equipment",2003,14690.593
USA,United States,C25,"Manufacture of fabricated metal products, except machinery and equipment",2002,13640.145
USA,United States,C25,"Manufacture of fabricated metal products, except machinery and equipment",2001,14721.498
USA,United States,C25,"Manufacture of fabricated metal products, except machinery and equipment",2000,17043.829
USA,United States,C25,"Manufacture of fabricated metal products, except machinery and equipment",1999,15631.927
USA,United States,C25,"Manufacture of fabricated metal products, except machinery and equipment",1998,15446.03
USA,United States,C25,"Manufacture of fabricated metal products, except machinery and equipment",1997,15250.946
USA,United States,C25,"Manufacture of fabricated metal products, except machinery and equipment",1996,13931.042
USA,United States,C25,"Manufacture of fabricated metal products, except machinery and equipment",1995,12970.748
USA,United States,C26,"Manufacture of computer, electronic and optical products",2022,79797.154
USA,United States,C26,"Manufacture of computer, electronic and optical products",2021,83231.006
USA,United States,C26,"Manufacture of computer, electronic and optical products",2020,77819.11
USA,United States,C26,"Manufacture of computer, electronic and optical products",2019,77870.878
USA,United States,C26,"Manufacture of computer, electronic and optical products",2018,80284.659
USA,United States,C26,"Manufacture of computer, electronic and optical products",2017,78482.813
USA,United States,C26,"Manufacture of computer, electronic and optical products",2016,78565.335
USA,United States,C26,"Manufacture of computer, electronic and optical products",2015,78164.879
USA,United States,C26,"Manufacture of computer, electronic and optical products",2014,80370.369
USA,United States,C26,"Manufacture of computer, electronic and optical products",2013,75822.123
USA,United States,C26,"Manufacture of computer, electronic and optical products",2012,76779.882
USA,United States,C26,"Manufacture of computer, electronic and optical products",2011,74978.152
USA,United States,C26,"Manufacture of computer, electronic and optical products",2010,74060.18
USA,United States,C26,"Manufacture of computer, electronic and optical products",2009,64243.561
USA,United States,C26,"Manufacture of computer, electronic and optical products",2008,68795.737
USA,United States,C26,"Manufacture of computer, electronic and optical products",2007,65303.171
USA,United States,C26,"Manufacture of computer, electronic and optical products",2006,63905.921
USA,United States,C26,"Manufacture of computer, electronic and optical products",2005,56838.745
USA,United States,C26,"Manufacture of computer, electronic and optical products",2004,55347.218
USA,United States,C26,"Manufacture of computer, electronic and optical products",2003,49752.94
USA,United States,C26,"Manufacture of computer, electronic and optical products",2002,44239.193
USA,United States,C26,"Manufacture of computer, electronic and optical products",2001,44548.473
USA,United States,C26,"Manufacture of computer, electronic and optical products",2000,59627.941
USA,United States,C26,"Manufacture of computer, electronic and optical products",1999,48010.895
USA,United States,C26,"Manufacture of computer, electronic and optical products",1998,48799.682
USA,United States,C26,"Manufacture of computer, electronic and optical products",1997,51884.91
USA,United States,C26,"Manufacture of computer, electronic and optical products",1996,44674.597
USA,United States,C26,"Manufacture of computer, electronic and optical products",1995,42797.972
USA,United States,C26_27,"Manufacture of computer, electronic and optical products; manufacture of electrical equipment",2022,94431.307
USA,United States,C26_27,"Manufacture of computer, electronic and optical products; manufacture of electrical equipment",2021,97857.004
USA,United States,C26_27,"Manufacture of computer, electronic and optical products; manufacture of electrical equipment",2020,91777.814
USA,United States,C26_27,"Manufacture of computer, electronic and optical products; manufacture of electrical equipment",2019,93532.768
USA,United States,C26_27,"Manufacture of computer, electronic and optical products; manufacture of electrical equipment",2018,96483.427
USA,United States,C26_27,"Manufacture of computer, electronic and optical products; manufacture of electrical equipment",2017,94313.947
USA,United States,C26_27,"Manufacture of computer, electronic and optical products; manufacture of electrical equipment",2016,93319.709
USA,United States,C26_27,"Manufacture of computer, electronic and optical products; manufacture of electrical equipment",2015,95234.824
USA,United States,C26_27,"Manufacture of computer, electronic and optical products; manufacture of electrical equipment",2014,95745.862
USA,United States,C26_27,"Manufacture of computer, electronic and optical products; manufacture of electrical equipment",2013,92006.395
USA,United States,C26_27,"Manufacture of computer, electronic and optical products; manufacture of electrical equipment",2012,91363.736
USA,United States,C26_27,"Manufacture of computer, electronic and optical products; manufacture of electrical equipment",2011,88190.676
USA,United States,C26_27,"Manufacture of computer, electronic and optical products; manufacture of electrical equipment",2010,87672.25
USA,United States,C26_27,"Manufacture of computer, electronic and optical products; manufacture of electrical equipment",2009,76764.12
USA,United States,C26_27,"Manufacture of computer, electronic and optical products; manufacture of electrical equipment",2008,82425.779
USA,United States,C26_27,"Manufacture of computer, electronic and optical products; manufacture of electrical equipment",2007,77220.9
USA,United States,C26_27,"Manufacture of computer, electronic and optical products; manufacture of electrical equipment",2006,75679.128
USA,United States,C26_27,"Manufacture of computer, electronic and optical products; manufacture of electrical equipment",2005,66920.785
USA,United States,C26_27,"Manufacture of computer, electronic and optical products; manufacture of electrical equipment",2004,64682.417
USA,United States,C26_27,"Manufacture of computer, electronic and optical products; manufacture of electrical equipment",2003,58629.06
USA,United States,C26_27,"Manufacture of computer, electronic and optical products; manufacture of electrical equipment",2002,52599.951
USA,United States,C26_27,"Manufacture of computer, electronic and optical products; manufacture of electrical equipment",2001,53401.888
USA,United States,C26_27,"Manufacture of computer, electronic and optical products; manufacture of electrical equipment",2000,68733.542
USA,United States,C26_27,"Manufacture of computer, electronic and optical products; manufacture of electrical equipment",1999,56538.379
USA,United States,C26_27,"Manufacture of computer, electronic and optical products; manufacture of electrical equipment",1998,56158.857
USA,United States,C26_27,"Manufacture of computer, electronic and optical products; manufacture of electrical equipment",1997,59896.673
USA,United States,C26_27,"Manufacture of computer, electronic and optical products; manufacture of electrical equipment",1996,52477.639
USA,United States,C26_27,"Manufacture of computer, electronic and optical products; manufacture of electrical equipment",1995,50425.29
USA,United States,C27,Manufacture of electrical equipment,2022,14634.153
USA,United States,C27,Manufacture of electrical equipment,2021,14625.998
USA,United States,C27,Manufacture of electrical equipment,2020,13958.704
USA,United States,C27,Manufacture of electrical equipment,2019,15661.89
USA,United States,C27,Manufacture of electrical equipment,2018,16198.769
USA,United States,C27,Manufacture of electrical equipment,2017,15831.133
USA,United States,C27,Manufacture of electrical equipment,2016,14754.375
USA,United States,C27,Manufacture of electrical equipment,2015,17069.945
USA,United States,C27,Manufacture of electrical equipment,2014,15375.493
USA,United States,C27,Manufacture of electrical equipment,2013,16184.272
USA,United States,C27,Manufacture of electrical equipment,2012,14583.854
USA,United States,C27,Manufacture of electrical equipment,2011,13212.524
USA,United States,C27,Manufacture of electrical equipment,2010,13612.069
USA,United States,C27,Manufacture of electrical equipment,2009,12520.559
USA,United States,C27,Manufacture of electrical equipment,2008,13630.042
USA,United States,C27,Manufacture of electrical equipment,2007,11917.729
USA,United States,C27,Manufacture of electrical equipment,2006,11773.207
USA,United States,C27,Manufacture of electrical equipment,2005,10082.04
USA,United States,C27,Manufacture of electrical equipment,2004,9335.199
USA,United States,C27,Manufacture of electrical equipment,2003,8876.121
USA,United States,C27,Manufacture of electrical equipment,2002,8360.758
USA,United States,C27,Manufacture of electrical equipment,2001,8853.415
USA,United States,C27,Manufacture of electrical equipment,2000,9105.601
USA,United States,C27,Manufacture of electrical equipment,1999,8527.485
USA,United States,C27,Manufacture of electrical equipment,1998,7359.175
USA,United States,C27,Manufacture of electrical equipment,1997,8011.763
USA,United States,C27,Manufacture of electrical equipment,1996,7803.042
USA,United States,C27,Manufacture of electrical equipment,1995,7627.319
USA,United States,C28,Manufacture of machinery and equipment n.e.c.,2022,47387.734
USA,United States,C28,Manufacture of machinery and equipment n.e.c.,2021,43004.837
USA,United States,C28,Manufacture of machinery and equipment n.e.c.,2020,39580.732
USA,United States,C28,Manufacture of machinery and equipment n.e.c.,2019,43798.891
USA,United States,C28,Manufacture of machinery and equipment n.e.c.,2018,44148.203
USA,United States,C28,Manufacture of machinery and equipment n.e.c.,2017,41618.11
USA,United States,C28,Manufacture of machinery and equipment n.e.c.,2016,37284.569
USA,United States,C28,Manufacture of machinery and equipment n.e.c.,2015,41684.653
USA,United States,C28,Manufacture of machinery and equipment n.e.c.,2014,47144.909
USA,United States,C28,Manufacture of machinery and equipment n.e.c.,2013,46406.532
USA,United States,C28,Manufacture of machinery and equipment n.e.c.,2012,45335.934
USA,United States,C28,Manufacture of machinery and equipment n.e.c.,2011,47933.94
USA,United States,C28,Manufacture of machinery and equipment n.e.c.,2010,42150.654
USA,United States,C28,Manufacture of machinery and equipment n.e.c.,2009,37602.763
USA,United States,C28,Manufacture of machinery and equipment n.e.c.,2008,43871.052
USA,United States,C28,Manufacture of machinery and equipment n.e.c.,2007,39337.464
USA,United States,C28,Manufacture of machinery and equipment n.e.c.,2006,34930.513
USA,United States,C28,Manufacture of machinery and equipment n.e.c.,2005,33087.675
USA,United States,C28,Manufacture of machinery and equipment n.e.c.,2004,29762.292
USA,United States,C28,Manufacture of machinery and equipment n.e.c.,2003,24626.46
USA,United States,C28,Manufacture of machinery and equipment n.e.c.,2002,24110.581
USA,United States,C28,Manufacture of machinery and equipment n.e.c.,2001,26814.46
USA,United States,C28,Manufacture of machinery and equipment n.e.c.,2000,28711.373
USA,United States,C28,Manufacture of machinery and equipment n.e.c.,1999,26869.29
USA,United States,C28,Manufacture of machinery and equipment n.e.c.,1998,26892.845
USA,United States,C28,Manufacture of machinery and equipment n.e.c.,1997,25648.062
USA,United States,C28,Manufacture of machinery and equipment n.e.c.,1996,22965.187
USA,United States,C28,Manufacture of machinery and equipment n.e.c.,1995,22417.837
USA,United States,C29,"Manufacture of motor vehicles, trailers and semi-trailers",2022,21054.275
USA,United States,C29,"Manufacture of motor vehicles, trailers and semi-trailers",2021,18420.745
USA,United States,C29,"Manufacture of motor vehicles, trailers and semi-trailers",2020,18782.78
USA,United States,C29,"Manufacture of motor vehicles, trailers and semi-trailers",2019,24512.396
USA,United States,C29,"Manufacture of motor vehicles, trailers and semi-trailers",2018,23495.377
USA,United States,C29,"Manufacture of motor vehicles, trailers and semi-trailers",2017,23686.755
USA,United States,C29,"Manufacture of motor vehicles, trailers and semi-trailers",2016,25091.472
USA,United States,C29,"Manufacture of motor vehicles, trailers and semi-trailers",2015,24702.744
USA,United States,C29,"Manufacture of motor vehicles, trailers and semi-trailers",2014,24446.573
USA,United States,C29,"Manufacture of motor vehicles, trailers and semi-trailers",2013,23469.313
USA,United States,C29,"Manufacture of motor vehicles, trailers and semi-trailers",2012,22498.938
USA,United States,C29,"Manufacture of motor vehicles, trailers and semi-trailers",2011,22787.69
USA,United States,C29,"Manufacture of motor vehicles, trailers and semi-trailers",2010,18449.808
USA,United States,C29,"Manufacture of motor vehicles, trailers and semi-trailers",2009,9604.441
USA,United States,C29,"Manufacture of motor vehicles, trailers and semi-trailers",2008,19704.488
USA,United States,C29,"Manufacture of motor vehicles, trailers and semi-trailers",2007,21489.688
USA,United States,C29,"Manufacture of motor vehicles, trailers and semi-trailers",2006,21625.623
USA,United States,C29,"Manufacture of motor vehicles, trailers and semi-trailers",2005,20373.791
USA,United States,C29,"Manufacture of motor vehicles, trailers and semi-trailers",2004,18209.181
USA,United States,C29,"Manufacture of motor vehicles, trailers and semi-trailers",2003,18891.449
USA,United States,C29,"Manufacture of motor vehicles, trailers and semi-trailers",2002,16261.985
USA,United States,C29,"Manufacture of motor vehicles, trailers and semi-trailers",2001,15084.534
USA,United States,C29,"Manufacture of motor vehicles, trailers and semi-trailers",2000,16727.857
USA,United States,C29,"Manufacture of motor vehicles, trailers and semi-trailers",1999,15217.649
USA,United States,C29,"Manufacture of motor vehicles, trailers and semi-trailers",1998,15243.482
USA,United States,C29,"Manufacture of motor vehicles, trailers and semi-trailers",1997,15449.247
USA,United States,C29,"Manufacture of motor vehicles, trailers and semi-trailers",1996,12973.568
USA,United States,C29,"Manufacture of motor vehicles, trailers and semi-trailers",1995,12104.009
USA,United States,C29_30,"Manufacture of motor vehicles, trailers, semi-trailers and of other transport equipment",2022,69339.764
USA,United States,C29_30,"Manufacture of motor vehicles, trailers, semi-trailers and of other transport equipment",2021,60903.641
USA,United States,C29_30,"Manufacture of motor vehicles, trailers, semi-trailers and of other transport equipment",2020,56811.753
USA,United States,C29_30,"Manufacture of motor vehicles, trailers, semi-trailers and of other transport equipment",2019,79765.313
USA,United States,C29_30,"Manufacture of motor vehicles, trailers, semi-trailers and of other transport equipment",2018,78029.689
USA,United States,C29_30,"Manufacture of motor vehicles, trailers, semi-trailers and of other transport equipment",2017,75050.964
USA,United States,C29_30,"Manufacture of motor vehicles, trailers, semi-trailers and of other transport equipment",2016,75788.47
USA,United States,C29_30,"Manufacture of motor vehicles, trailers, semi-trailers and of other transport equipment",2015,76895.487
USA,United States,C29_30,"Manufacture of motor vehicles, trailers, semi-trailers and of other transport equipment",2014,75341.624
USA,United States,C29_30,"Manufacture of motor vehicles, trailers, semi-trailers and of other transport equipment",2013,69455.773
USA,United States,C29_30,"Manufacture of motor vehicles, trailers, semi-trailers and of other transport equipment",2012,65499.91
USA,United States,C29_30,"Manufacture of motor vehicles, trailers, semi-trailers and of other transport equipment",2011,63907.076
USA,United States,C29_30,"Manufacture of motor vehicles, trailers, semi-trailers and of other transport equipment",2010,56936.401
USA,United States,C29_30,"Manufacture of motor vehicles, trailers, semi-trailers and of other transport equipment",2009,49401.436
USA,United States,C29_30,"Manufacture of motor vehicles, trailers, semi-trailers and of other transport equipment",2008,59832.982
USA,United States,C29_30,"Manufacture of motor vehicles, trailers, semi-trailers and of other transport equipment",2007,61730.413
USA,United States,C29_30,"Manufacture of motor vehicles, trailers, semi-trailers and of other transport equipment",2006,55961.093
USA,United States,C29_30,"Manufacture of motor vehicles, trailers, semi-trailers and of other transport equipment",2005,47193.357
USA,United States,C29_30,"Manufacture of motor vehicles, trailers, semi-trailers and of other transport equipment",2004,39795.418
USA,United States,C29_30,"Manufacture of motor vehicles, trailers, semi-trailers and of other transport equipment",2003,39686.909
USA,United States,C29_30,"Manufacture of motor vehicles, trailers, semi-trailers and of other transport equipment",2002,37744.864
USA,United States,C29_30,"Manufacture of motor vehicles, trailers, semi-trailers and of other transport equipment",2001,38775.951
USA,United States,C29_30,"Manufacture of motor vehicles, trailers, semi-trailers and of other transport equipment",2000,38891.081
USA,United States,C29_30,"Manufacture of motor vehicles, trailers, semi-trailers and of other transport equipment",1999,39831.226
USA,United States,C29_30,"Manufacture of motor vehicles, trailers, semi-trailers and of other transport equipment",1998,38080.644
USA,United States,C29_30,"Manufacture of motor vehicles, trailers, semi-trailers and of other transport equipment",1997,35671.513
USA,United States,C29_30,"Manufacture of motor vehicles, trailers, semi-trailers and of other transport equipment",1996,31575.589
USA,United States,C29_30,"Manufacture of motor vehicles, trailers, semi-trailers and of other transport equipment",1995,26261.115
USA,United States,C30,Manufacture of other transport equipment,2022,48285.489
USA,United States,C30,Manufacture of other transport equipment,2021,42482.896
USA,United States,C30,Manufacture of other transport equipment,2020,38028.973
USA,United States,C30,Manufacture of other transport equipment,2019,55252.917
USA,United States,C30,Manufacture of other transport equipment,2018,54534.312
USA,United States,C30,Manufacture of other transport equipment,2017,51364.209
USA,United States,C30,Manufacture of other transport equipment,2016,50696.998
USA,United States,C30,Manufacture of other transport equipment,2015,52192.743
USA,United States,C30,Manufacture of other transport equipment,2014,50895.051
USA,United States,C30,Manufacture of other transport equipment,2013,45986.46
USA,United States,C30,Manufacture of other transport equipment,2012,43000.973
USA,United States,C30,Manufacture of other transport equipment,2011,41119.386
USA,United States,C30,Manufacture of other transport equipment,2010,38486.593
USA,United States,C30,Manufacture of other transport equipment,2009,39796.995
USA,United States,C30,Manufacture of other transport equipment,2008,40128.494
USA,United States,C30,Manufacture of other transport equipment,2007,40240.725
USA,United States,C30,Manufacture of other transport equipment,2006,34335.47
USA,United States,C30,Manufacture of other transport equipment,2005,26819.566
USA,United States,C30,Manufacture of other transport equipment,2004,21586.237
USA,United States,C30,Manufacture of other transport equipment,2003,20795.461
USA,United States,C30,Manufacture of other transport equipment,2002,21482.879
USA,United States,C30,Manufacture of other transport equipment,2001,23691.418
USA,United States,C30,Manufacture of other transport equipment,2000,22163.225
USA,United States,C30,Manufacture of other transport equipment,1999,24613.577
USA,United States,C30,Manufacture of other transport equipment,1998,22837.162
USA,United States,C30,Manufacture of other transport equipment,1997,20222.266
USA,United States,C30,Manufacture of other transport equipment,1996,18602.02
USA,United States,C30,Manufacture of other transport equipment,1995,14157.105
USA,United States,C301,Building of ships and boats,2022,1840.326
USA,United States,C301,Building of ships and boats,2021,1576.852
USA,United States,C301,Building of ships and boats,2020,1406.452
USA,United States,C301,Building of ships and boats,2019,1799.672
USA,United States,C301,Building of ships and boats,2018,1865.431
USA,United States,C301,Building of ships and boats,2017,1322.684
USA,United States,C301,Building of ships and boats,2016,1646.242
USA,United States,C301,Building of ships and boats,2015,2221.918
USA,United States,C301,Building of ships and boats,2014,2300.757
USA,United States,C301,Building of ships and boats,2013,2040.386
USA,United States,C301,Building of ships and boats,2012,2271.075
USA,United States,C301,Building of ships and boats,2011,2055.611
USA,United States,C301,Building of ships and boats,2010,1846.417
USA,United States,C301,Building of ships and boats,2009,1576.438
USA,United States,C301,Building of ships and boats,2008,2135.23
USA,United States,C301,Building of ships and boats,2007,1764.707
USA,United States,C301,Building of ships and boats,2006,1807.956
USA,United States,C301,Building of ships and boats,2005,1405.577
USA,United States,C301,Building of ships and boats,2004,1107.782
USA,United States,C301,Building of ships and boats,2003,1132.166
USA,United States,C301,Building of ships and boats,2002,970.274
USA,United States,C301,Building of ships and boats,2001,1071.585
USA,United States,C301,Building of ships and boats,2000,916.354
USA,United States,C301,Building of ships and boats,1999,1122.533
USA,United States,C301,Building of ships and boats,1998,1108.638
USA,United States,C301,Building of ships and boats,1997,1015.703
USA,United States,C301,Building of ships and boats,1996,779.866
USA,United States,C301,Building of ships and boats,1995,759.99
USA,United States,C302T309,"Manufacture of railroad equipment, aircraft, military fighting vehicles and other transport equipment n.e.c",2022,46445.163
USA,United States,C302T309,"Manufacture of railroad equipment, aircraft, military fighting vehicles and other transport equipment n.e.c",2021,40906.044
USA,United States,C302T309,"Manufacture of railroad equipment, aircraft, military fighting vehicles and other transport equipment n.e.c",2020,36622.521
USA,United States,C302T309,"Manufacture of railroad equipment, aircraft, military fighting vehicles and other transport equipment n.e.c",2019,53453.245
USA,United States,C302T309,"Manufacture of railroad equipment, aircraft, military fighting vehicles and other transport equipment n.e.c",2018,52668.881
USA,United States,C302T309,"Manufacture of railroad equipment, aircraft, military fighting vehicles and other transport equipment n.e.c",2017,50041.525
USA,United States,C302T309,"Manufacture of railroad equipment, aircraft, military fighting vehicles and other transport equipment n.e.c",2016,49050.756
USA,United States,C302T309,"Manufacture of railroad equipment, aircraft, military fighting vehicles and other transport equipment n.e.c",2015,49970.825
USA,United States,C302T309,"Manufacture of railroad equipment, aircraft, military fighting vehicles and other transport equipment n.e.c",2014,48594.294
USA,United States,C302T309,"Manufacture of railroad equipment, aircraft, military fighting vehicles and other transport equipment n.e.c",2013,43946.074
USA,United States,C302T309,"Manufacture of railroad equipment, aircraft, military fighting vehicles and other transport equipment n.e.c",2012,40729.898
USA,United States,C302T309,"Manufacture of railroad equipment, aircraft, military fighting vehicles and other transport equipment n.e.c",2011,39063.775
USA,United States,C302T309,"Manufacture of railroad equipment, aircraft, military fighting vehicles and other transport equipment n.e.c",2010,36640.176
USA,United States,C302T309,"Manufacture of railroad equipment, aircraft, military fighting vehicles and other transport equipment n.e.c",2009,38220.557
USA,United States,C302T309,"Manufacture of railroad equipment, aircraft, military fighting vehicles and other transport equipment n.e.c",2008,37993.264
USA,United States,C302T309,"Manufacture of railroad equipment, aircraft, military fighting vehicles and other transport equipment n.e.c",2007,38476.018
USA,United States,C302T309,"Manufacture of railroad equipment, aircraft, military fighting vehicles and other transport equipment n.e.c",2006,32527.514
USA,United States,C302T309,"Manufacture of railroad equipment, aircraft, military fighting vehicles and other transport equipment n.e.c",2005,25413.989
USA,United States,C302T309,"Manufacture of railroad equipment, aircraft, military fighting vehicles and other transport equipment n.e.c",2004,20478.455
USA,United States,C302T309,"Manufacture of railroad equipment, aircraft, military fighting vehicles and other transport equipment n.e.c",2003,19663.294
USA,United States,C302T309,"Manufacture of railroad equipment, aircraft, military fighting vehicles and other transport equipment n.e.c",2002,20512.605
USA,United States,C302T309,"Manufacture of railroad equipment, aircraft, military fighting vehicles and other transport equipment n.e.c",2001,22619.832
USA,United States,C302T309,"Manufacture of railroad equipment, aircraft, military fighting vehicles and other transport equipment n.e.c",2000,21246.871
USA,United States,C302T309,"Manufacture of railroad equipment, aircraft, military fighting vehicles and other transport equipment n.e.c",1999,23491.043
USA,United States,C302T309,"Manufacture of railroad equipment, aircraft, military fighting vehicles and other transport equipment n.e.c",1998,21728.524
USA,United States,C302T309,"Manufacture of railroad equipment, aircraft, military fighting vehicles and other transport equipment n.e.c",1997,19206.563
USA,United States,C302T309,"Manufacture of railroad equipment, aircraft, military fighting vehicles and other transport equipment n.e.c",1996,17822.155
USA,United States,C302T309,"Manufacture of railroad equipment, aircraft, military fighting vehicles and other transport equipment n.e.c",1995,13397.116
USA,United States,C31T33,"Manufacture of furniture; jewellery, musical instruments, toys, etc.; repair and installation of machinery and equipment",2022,34138.986
USA,United States,C31T33,"Manufacture of furniture; jewellery, musical instruments, toys, etc.; repair and installation of machinery and equipment",2021,25744.388
USA,United States,C31T33,"Manufacture of furniture; jewellery, musical instruments, toys, etc.; repair and installation of machinery and equipment",2020,22734.719
USA,United States,C31T33,"Manufacture of furniture; jewellery, musical instruments, toys, etc.; repair and installation of machinery and equipment",2019,29054.878
USA,United States,C31T33,"Manufacture of furniture; jewellery, musical instruments, toys, etc.; repair and installation of machinery and equipment",2018,29491.047
USA,United States,C31T33,"Manufacture of furniture; jewellery, musical instruments, toys, etc.; repair and installation of machinery and equipment",2017,28647.916
USA,United States,C31T33,"Manufacture of furniture; jewellery, musical instruments, toys, etc.; repair and installation of machinery and equipment",2016,26797.687
USA,United States,C31T33,"Manufacture of furniture; jewellery, musical instruments, toys, etc.; repair and installation of machinery and equipment",2015,25466.406
USA,United States,C31T33,"Manufacture of furniture; jewellery, musical instruments, toys, etc.; repair and installation of machinery and equipment",2014,27709.749
USA,United States,C31T33,"Manufacture of furniture; jewellery, musical instruments, toys, etc.; repair and installation of machinery and equipment",2013,26004.993
USA,United States,C31T33,"Manufacture of furniture; jewellery, musical instruments, toys, etc.; repair and installation of machinery and equipment",2012,26945.605
USA,United States,C31T33,"Manufacture of furniture; jewellery, musical instruments, toys, etc.; repair and installation of machinery and equipment",2011,25443.989
USA,United States,C31T33,"Manufacture of furniture; jewellery, musical instruments, toys, etc.; repair and installation of machinery and equipment",2010,23092.091
USA,United States,C31T33,"Manufacture of furniture; jewellery, musical instruments, toys, etc.; repair and installation of machinery and equipment",2009,20053.916
USA,United States,C31T33,"Manufacture of furniture; jewellery, musical instruments, toys, etc.; repair and installation of machinery and equipment",2008,21374.318
USA,United States,C31T33,"Manufacture of furniture; jewellery, musical instruments, toys, etc.; repair and installation of machinery and equipment",2007,19384.52
USA,United States,C31T33,"Manufacture of furniture; jewellery, musical instruments, toys, etc.; repair and installation of machinery and equipment",2006,16694.438
USA,United States,C31T33,"Manufacture of furniture; jewellery, musical instruments, toys, etc.; repair and installation of machinery and equipment",2005,14687.798
USA,United States,C31T33,"Manufacture of furniture; jewellery, musical instruments, toys, etc.; repair and installation of machinery and equipment",2004,12802.679
USA,United States,C31T33,"Manufacture of furniture; jewellery, musical instruments, toys, etc.; repair and installation of machinery and equipment",2003,11994.461
USA,United States,C31T33,"Manufacture of furniture; jewellery, musical instruments, toys, etc.; repair and installation of machinery and equipment",2002,11280.676
USA,United States,C31T33,"Manufacture of furniture; jewellery, musical instruments, toys, etc.; repair and installation of machinery and equipment",2001,11338.335
USA,United States,C31T33,"Manufacture of furniture; jewellery, musical instruments, toys, etc.; repair and installation of machinery and equipment",2000,11086.64
USA,United States,C31T33,"Manufacture of furniture; jewellery, musical instruments, toys, etc.; repair and installation of machinery and equipment",1999,10398.026
USA,United States,C31T33,"Manufacture of furniture; jewellery, musical instruments, toys, etc.; repair and installation of machinery and equipment",1998,9612.463
USA,United States,C31T33,"Manufacture of furniture; jewellery, musical instruments, toys, etc.; repair and installation of machinery and equipment",1997,9585.027
USA,United States,C31T33,"Manufacture of furniture; jewellery, musical instruments, toys, etc.; repair and installation of machinery and equipment",1996,8596.518
USA,United States,C31T33,"Manufacture of furniture; jewellery, musical instruments, toys, etc.; repair and installation of machinery and equipment",1995,7472.365